angle_Easy,angle_Semi_Mid,angle_Mid,angle_Hard,side_Easy,side_Semi_Mid,side_Mid,side_Hard,vert_Easy,vert_Semi_Mid,vert_Mid,stack_Easy_Power,stack_Hard_Power,stamina_Power,pattern_Power,SSSH,pattern_History,stamina_History,combined_History,angle_Div,array_scaling,Accuracy
0.770863734803544,1.6469307053157116,1.186006018224702,1.966313474640441,0.9441082271334479,1.183247359842802,1.245787044349589,2.05759931447601,1.1786404933563526,1.3277642104817111,0.8913407413881846,0.16366608810357616,0.25581627029652215,1.9215663710801472,1.4462257312801636,45.666666666666664,190.66666666666666,402.0,217.0,64.54666797682678,4.483386561122774,2.5793247133765056
0.818732769594738,1.6053445225185639,1.1220709101238873,1.91454699584717,0.8862045297182467,1.209703428091647,1.2234101062488631,2.216225148424675,1.0801543969658247,1.381827004749207,0.940824132721518,0.15408731133579398,0.25029941735456734,1.9501026981829066,1.4373938653991567,47.55555555555555,192.2222222222222,388.3333333333333,204.33333333333334,68.11022297762663,4.517010686849906,2.8765063329612857
0.8260948085434213,1.639188752648713,1.0763743266704189,1.8032176329551197,0.8747755411898791,1.1714060293671424,1.1485759431162188,2.104889347126484,1.0630958310510865,1.420657951117997,0.9464663457473227,0.15346523618765037,0.24726458849856245,1.9870057962518797,1.4777065912396108,48.51851851851851,194.74074074074073,383.4444444444444,196.11111111111111,69.72362400824069,4.624193080700603,1.2551109045680764
0.8378088514521874,1.6093871290407884,1.1051882226407703,1.8088396657987864,0.9027142504212523,1.1487869968327573,1.101735364398048,2.140197636470932,1.0746658931357305,1.4723762742206479,0.9138663121939756,0.1537832165030005,0.23808413800213757,1.9286287097935382,1.4939715620335885,47.8395061728395,199.2469135802469,384.48148148148147,202.37037037037035,71.19547545716267,4.5985236491313914,1.2868326371055872
0.8157178543743088,1.5987702755080333,1.1149744199608966,1.7983926171333724,0.9077377374933929,1.1365061079170302,1.1355391770892778,2.141705829105274,1.0758267675739575,1.4786466285993685,0.9218124356947511,0.1559021368243501,0.23546130248248076,1.9484817400421617,1.502495354005898,47.0,197.66666666666666,388.3333333333333,202.33333333333334,72.204055074874,4.559967763132284,0.8893539463388823
